/*
 Navicat MySQL Data Transfer

 Source Server         : localhost
 Source Server Type    : MySQL
 Source Server Version : 50719
 Source Host           : localhost
 Source Database       : gravity2

 Target Server Type    : MySQL
 Target Server Version : 50719
 File Encoding         : utf-8

 Date: 05/28/2018 14:09:22 PM
*/

SET NAMES utf8;
SET FOREIGN_KEY_CHECKS = 0;

-- ----------------------------
--  Records of `hd`
-- ----------------------------
BEGIN;
INSERT INTO `hd` VALUES ('10001', '看电影', '2017-09-02 20:34:22', '2019-11-02 20:34:24', '这是活动地点', '一句话简介一句话简介', '活动简介活动简介活动简介活动简介活动简介活动简介活动简介活动简介活动简介活动简介活动简介活动简介活动简介活动简介活动简介活动简介活动简介活动简介活动简介活动简介活动简介活动简介活动简介活动简介活动简介活动简介活动简介活动简介活动简介活动简介活动简介活动简介活动简介活动简介活动简介活动简介活动简介活动简介活动简介活动简介活动简介活动简介活动简介活动简介活动简介活动简介活动简介活动简介活动简介活动简介活动简介活动简介活动简介活动简介活动简介活动简介活动简介活动简介活动简介活动简介活动简介活动简介活动简介活动简介活动简介活动简介活动简介活动简介活动简介活动简介活动简介活动简介活动简介活动简介活动简介活动简介活动简介活动简介活动简介活动简介活动简介活动简介活动简介活动简介活动简介活动简介活动简介活动简介活动简介活动简介活动简介活动简介活动简介活动简介活动简介活动简介活动简介活动简介活动简介活动简介活动简介活动简介活动简介活动简介活动简介活动简介活动简介活动简介活动简介活动简介活动简介活动简介活动简介活动简介活动简介活动简介活动简介活动简介活动简介活动简介活动简介活动简介活动简介活动简介活动简介活动简介活动简介活动简介活动简介活动简介活动简介活动简介活动简介活动简介活动简介活动简介活动简介活动简介活动简介活动简介活动简介活动简介活动简介活动简介活动简介活动简介活动简介活动简介活动简介活动简介活动简介活动简介活动简介活动简介活动简介活动简介活动简介活动简介活动简介活动简介活动简介活动简介活动简介活动简介活动简介活动简介活动简介活动简介活动简介活动简介活动简介活动简介活动简介活动简介活动简介活动简介活动简介活动简介活动简介活动简介', 'pic/hdpic/10001.png', '娱乐', '进行中',10,'','0','可兼报'), ('10003', '瑜伽', '2017-09-02 20:34:22', '2019-09-06 20:34:24', '这是活动地点', '一句话简介一句话简介一句话简介一句话简介', '活动简介活动简介活动简介活动简介活动简介活动简介活动简介活动简介活动简介活动简介活动简介活动简介活动简介活动简介活动简介活动简介活动简介活动简介活动简介活动简介活动简介活动简介活动简介活动简介活动简介活动简介活动简介活动简介活动简介活动简介活动简介活动简介活动简介活动简介活动简介活动简介活动简介活动简介活动简介活动简介活动简介活动简介活动简介活动简介活动简介活动简介活动简介活动简介活动简介活动简介活动简介活动简介活动简介活动简介活动简介活动简介活动简介活动简介活动简介活动简介活动简介活动简介活动简介活动简介活动简介活动简介活动简介活动简介活动简介活动简介活动简介活动简介活动简介活动简介活动简介活动简介活动简介活动简介活动简介活动简介活动简介活动简介活动简介活动简介活动简介活动简介活动简介活动简介活动简介活动简介活动简介活动简介活动简介活动简介活动简介活动简介活动简介活动简介活动简介活动简介活动简介活动简介活动简介活动简介活动简介活动简介活动简介活动简介活动简介活动简介活动简介活动简介活动简介活动简介活动简介活动简介活动简介活动简介活动简介活动简介活动简介活动简介活动简介活动简介活动简介活动简介活动简介活动简介活动简介活动简介活动简介活动简介活动简介活动简介活动简介活动简介活动简介活动简介活动简介活动简介活动简介活动简介活动简介活动简介活动简介活动简介活动简介活动简介活动简介活动简介活动简介活动简介活动简介活动简介活动简介活动简介活动简介活动简介活动简介活动简介活动简介活动简介活动简介活动简介活动简介活动简介活动简介活动简介活动简介活动简介活动简介活动简介活动简介活动简介活动简介活动简介活动简介活动简介活动简介活动简介', 'pic/hdpic/10003.jpg', '运动', '进行中',12,'','0','可兼报'), ('10019', '学习', '2018-05-24 00:00:00', '2019-06-25 00:00:00', '这是活动地点', '一句话简介一句话简介一句话简介一句话简介一句话简介一句话简介一句话简介一句话简介', '一句话简介一句话简介一句话简介一句话简介一句话简介一句话简介一句话简介一句话简介', 'pic/hdpic/10019.png', '学习', '已结束',21,'','0','可兼报'), ('10020', '旅行', '2018-05-24 02:00:00', '2019-07-24 09:00:00', '这是活动地点', '一句话简介一句话简介一句话简介一句话简介一句话简介一句话简介一句话简介一句话简介', '一句话简介一句话简介一句话简介一句话简介一句话简介一句话简介一句话简介一句话简介', 'pic/hdpic/10020.png', '旅行', '已结束',15,'','0','可兼报'), ('10023', '跑步', '2018-06-24 00:00:00', '2019-07-24 09:00:00', '这是活动地点', '一句话简介一句话简介一句话简介一句话简介一句话简介一句话简介一句话简介一句话简介', '一句话简介一句话简介一句话简介一句话简介一句话简介一句话简介一句话简介一句话简介', 'pic/hdpic/10023.png', '运动', '已结束',30,'','0','可兼报'), ('10024', '活动4', '2018-05-24 00:00:00', '2019-06-30 00:00:00', '这是活动地点', '一句话简介一句话简介一句话简介一句话简介一句话简介一句话简介一句话简介一句话简介', '一句话简介一句话简介一句话简介一句话简介一句话简介一句话简介一句话简介一句话简介', 'pic/hdpic/10024.png', '其它', '进行中',9,'','0','可兼报'), ('10026', '活动5', '2018-06-24 00:00:00', '2019-06-27 00:00:00', '这是活动地点', '一句话简介一句话简介一句话简介一句话简介一句话简介一句话简介一句话简介一句话简介', '一句话简介一句话简介一句话简介一句话简介一句话简介一句话简介一句话简介一句话简介', 'pic/hdpic/10026.png', '其它', '已结束',10,'','0','可兼报'), ('10027', '活动6', '2018-06-24 00:00:00', '2019-06-29 00:00:00', '这是活动地点', '一句话简介一句话简介一句话简介一句话简介一句话简介一句话简介一句话简介一句话简介', '一句话简介一句话简介一句话简介一句话简介一句话简介一句话简介一句话简介一句话简介', 'pic/hdpic/10027.png', '其它', '已结束',10,'','0','不可兼报'), ('10028', '活动7', '2018-05-18 00:00:00', '2019-05-21 00:00:00', '123', '123', 'ewq3r2', 'pic/icon/defhdpic.svg', '其它', '已结束',10,'','0','可兼报'), ('10029', '活动8', '2018-05-22 00:00:00', '2019-05-10 00:00:00', '12', '12', '21314412', 'pic/icon/defhdpic.svg', '其它', '已结束',10,'','0','可兼报'), ('10030', '1', '2018-06-28 00:00:00', '2019-06-29 00:00:00', '1', '1', '1', 'pic/hdpic/10030.png', '运动', '已结束',10,'','0','可兼报'), ('10002', '活动c', '2018-05-27 00:00:00', '2019-05-29 00:00:00', '这是活动地点', '一句话简介一句话简介一句话简介一句话简介一句话简介一句话简介一句话简介一句话简介', '一句话简介一句话简介一句话简介一句话简介一句话简介一句话简介一句话简介一句话简介', 'pic/hdpic/10002.png', '其它', '已结束',10,'','0','不可兼报');
COMMIT;

-- ----------------------------
--  Records of `user`
-- ----------------------------
BEGIN;
INSERT INTO `user` VALUES ('10000', 'pic/icon/defheadpic.svg', 'test1', 'testname', '21894123321341@123.com', 'everywhere', 'none', 'a1', '1', 'earth'), ('10001', 'pic/icon/defheadpic.svg', '1', '这是姓名', 'abcd@ab.com', '这是一个地址', '一个职业', 'a2', '1', 'moon'), ('10002', 'pic/icon/defheadpic.svg', '2', '这是姓名', 'abcd@ab.com', '这是一个地址', '一个职业', 'a3', '1', 'earth'), ('10003', 'pic/icon/defheadpic.svg', '3', '这是姓名', 'abcd@ab.com', '这是一个地址', '一个职业', 'a4', '1', 'moon'), ('10004', 'pic/icon/defheadpic.svg', '4', '这是姓名', 'abcd@ab.com', '这是一个地址', '一个职业', 'a5', '1', 'sun'), ('10005', 'pic/icon/defheadpic.svg', '5', '这是姓名', 'abcd@ab.com', '这是一个地址', '一个职业', 'a6', '1', 'earth'), ('10006', 'pic/icon/defheadpic.svg', '6', '这是姓名', 'abcd@ab.com', '这是一个地址', '一个职业', 'a7', '1', 'earth'), ('10007', 'pic/icon/defheadpic.svg', '7', '这是姓名', 'abcd@ab.com', '这是一个地址', '一个职业', 'a8', '1', 'moon'), ('10008', 'pic/icon/defheadpic.svg', '8', '这是姓名', 'abcd@ab.com', '这是一个地址', '一个职业', 'a9', '1', 'moon'), ('10009', 'pic/icon/defheadpic.svg', '9', '这是姓名', 'abcd@ab.com', '这是一个地址', '一个职业', 'a10', '1', 'moon'), ('10010', 'pic/icon/defheadpic.svg', '10', '这是姓名', 'abcd@ab.com', '这是一个地址', '一个职业', 'a11', '1', 'sun'), ('10011', 'pic/icon/defheadpic.svg', '11', '这是姓名', 'abcd@ab.com', '这是一个地址', '一个职业', 'c1', '1', 'sun'), ('10012', 'pic/icon/defheadpic.svg', '12', '这是姓名', 'abcd@ab.com', '这是一个地址', '一个职业', 'c2', '1', 'earth'), ('10013', 'pic/icon/defheadpic.svg', '13', '这是姓名', 'abcd@ab.com', '这是一个地址', '一个职业', 'c3', '1', 'earth'), ('10014', 'pic/icon/defheadpic.svg', '14', '这是姓名', 'abcd@ab.com', '这是一个地址', '一个职业', 'c4', '1', 'earth'), ('10015', 'pic/icon/defheadpic.svg', '15', '这是姓名', 'abcd@ab.com', '这是一个地址', '一个职业', 'c6', '1', 'earth'), ('10016', 'pic/userpic/10016.png', '16', '这是姓名这是姓名', 'abcd@ab.com', '这是一个地址', '一个职业', 'c5', '1', 'earth'), ('10017', 'pic/userpic/10017.png', 'lay', 'lyy', 'abcd@ab.com', '这是一个地址', '一个职业', 'lyy', '1', 'earth'), ('10018', 'pic/userpic/10018.png', '18', '这是姓名', 'abcd@ab.com', '这是一个地址', '一个职业', 'abc1', '1', 'earth'), ('10019', 'pic/userpic/10019.png', '19', '这是姓名', 'abcd@ab.com', '这是一个地址', '一个职业', 'c7', '1', 'earth'), ('10020', 'pic/userpic/10020.png', '20', '这是姓名', 'abcd@ab.com', '这是一个地址', '一个职业', 'c8', '1', 'earth'), ('10021', 'pic/userpic/10021.png', '21', '这是姓名', 'abcd@ab.com', '这是一个地址', '一个职业', 'c11', '1', 'earth'), ('10022', 'pic/userpic/10022.png', '昵称nickname', '这是姓名', 'abcd@ab.com', '这是一个地址', '一个职业', 'c12', '1', 'earth'), ('10023', 'pic/userpic/10023.png', 'zbl', 'zbl', '123@112', '这是一个地址', '一个职业', 'zbl', '1', 'earth'), ('10030', 'pic/userpic/10030.png', '1', '1', '1', '1', '1', 'c19', '1', '1'), ('10031', 'pic/userpic/10031.png', '2', '1', '1', '1', '1', 'abc', '1', '1'), ('10032', 'pic/userpic/10032.png', 'd1', 'd1', '1', '1', '1', 'd1', '1', '1');
COMMIT;

-- ----------------------------
--  Records of `hy`
-- ----------------------------
BEGIN;
INSERT INTO `hy` VALUES ('10000', '10001', '待审'), ('10000', '10004', '待审'), ('10000', '10005', '拒绝'), ('10000', '10008', '待审'), ('10000', '10010', '待审'), ('10000', '10016', '待审'), ('10000', '10031', '待审'), ('10001', '10003', '拒绝'), ('10001', '10004', '待审'), ('10001', '10005', '拒绝'), ('10001', '10006', '同意'), ('10002', '10001', '同意'), ('10002', '10003', '拒绝'), ('10003', '10004', '同意'), ('10006', '10000', '拒绝'), ('10032', '10000', '同意'), ('10001', '10000', '待审'), ('10002', '10000', '待审');
COMMIT;

-- ----------------------------
--  Records of `usercreate`
-- ----------------------------
BEGIN;
INSERT INTO `usercreate` VALUES ('10001', '10001'), ('10003', '10003'), ('10000', '10027'), ('10023', '10028'), ('10031', '10029'), ('10000', '10030');
COMMIT;

-- ----------------------------
--  Records of `userjoin`
-- ----------------------------
BEGIN;
INSERT INTO `userjoin` VALUES ('10000', '10001', '待审'), ('10000', '10020', '待审'), ('10000', '10024', '待审'), ('10000', '10027', '拒绝'), ('10000', '10029', '同意'), ('10001', '10001', '同意'), ('10001', '10026', '待审'), ('10001', '10029', '拒绝'), ('10002', '10001', '待审'), ('10002', '10003', '待审'), ('10003', '10001', '待审'), ('10003', '10023', '待审'), ('10003', '10026', '待审'), ('10004', '10001', '待审'), ('10004', '10026', '待审'), ('10005', '10001', '待审'), ('10005', '10026', '待审'), ('10005', '10027', '待审'), ('10005', '10028', '待审'), ('10006', '10001', '待审'), ('10007', '10003', '待审'), ('10007', '10028', '待审'), ('10008', '10001', '待审'), ('10009', '10001', '待审'), ('10009', '10024', '待审'), ('10017', '10001', '待审'), ('10019', '10003', '待审'), ('10023', '10001', '待审'), ('10023', '10028', '待审'), ('10031', '10003', '待审'), ('10031', '10024', '待审');
COMMIT;

-- ----------------------------
--  Records of `userlike`
-- ----------------------------
BEGIN;
INSERT INTO `userlike` VALUES ('10000', '10001'), ('10001', '10001'), ('10009', '10001'), ('10012', '10001'), ('10023', '10001'), ('10031', '10001'), ('10005', '10003'), ('10009', '10003'), ('10019', '10003'), ('10023', '10003'), ('10002', '10019'), ('10031', '10019'), ('10006', '10020'), ('10001', '10023'), ('10003', '10023'), ('10000', '10024'), ('10003', '10024'), ('10004', '10024'), ('10008', '10024'), ('10023', '10024'), ('10005', '10026'), ('10002', '10027'), ('10003', '10027'), ('10004', '10027'), ('10008', '10027'), ('10003', '10028'), ('10004', '10028'), ('10007', '10028'), ('10023', '10028'), ('10000', '10029'), ('10001', '10029');
COMMIT;

SET FOREIGN_KEY_CHECKS = 1;
